lc,title,pattern,difficulty,source,why_not_scheduled,neetcode_video
297,Serialize and Deserialize Binary Tree,Preorder serialization,Hard,NC150,core Hard: do when ahead,https://www.youtube.com/watch?v=u4JAi2JJhI8
212,Word Search II,Trie + grid backtracking,Hard,NC150,core Hard: do when ahead,https://www.youtube.com/watch?v=asbcE9mZz_U
295,Find Median from Data Stream,Two heaps,Hard,NC150,core Hard: do when ahead,https://www.youtube.com/watch?v=itmhHWaHupI
269,Alien Dictionary,Topological sort from order,Hard,NC150,core Hard: do when ahead,https://www.youtube.com/watch?v=6kTZYvNNyps
202,Happy Number,Cycle detection (set / fast-slow),Easy,NC150,tier 2: first in when ahead,https://www.youtube.com/watch?v=ljz85bxOYJ0
724,Find Pivot Index,Prefix sum,Easy,extra,tier 3: extra depth,
88,Merge Sorted Array,Two pointers from end,Easy,extra,tier 3: extra depth,
303,Range Sum Query - Immutable,Prefix sum,Easy,extra,tier 3: extra depth,
13,Roman to Integer,String scan + map,Easy,extra,tier 3: extra depth,
14,Longest Common Prefix,String scan,Easy,extra,tier 3: extra depth,
380,Insert Delete GetRandom O(1),Hash map + array design,Medium,extra,tier 3: extra depth,https://www.youtube.com/watch?v=j4KwhBziOpg
75,Sort Colors,Dutch flag three pointers,Medium,extra,tier 3: extra depth,
528,Random Pick with Weight,Prefix sum + binary search,Medium,extra,tier 3: extra depth,
31,Next Permutation,Array scan from right,Medium,extra,tier 3: extra depth,
977,Squares of a Sorted Array,Two pointers from ends,Easy,extra,tier 3: extra depth,
42,Trapping Rain Water,Two pointers / prefix max,Hard,NC150,tier 3: extra depth,https://www.youtube.com/watch?v=ZI2z5pq0TqA
438,Find All Anagrams in a String,Sliding window (fixed) + counts,Medium,extra,tier 3: extra depth,
904,Fruit Into Baskets,Sliding window (at most 2 kinds),Medium,extra,tier 3: extra depth,
1423,Maximum Points You Can Obtain from Cards,Fixed window complement,Medium,extra,tier 3: extra depth,
239,Sliding Window Maximum,Monotonic deque,Hard,NC150,tier 3: extra depth,https://www.youtube.com/watch?v=DfljaUwZsOk
853,Car Fleet,Sort + stack,Medium,NC150,tier 3: extra depth,https://www.youtube.com/watch?v=Pr6T-3yB9RM
1047,Remove All Adjacent Duplicates In String,Stack cancel,Easy,extra,tier 3: extra depth,
71,Simplify Path,Stack of path parts,Medium,extra,tier 3: extra depth,
394,Decode String,"Stack of (count, string)",Medium,extra,tier 3: extra depth,
735,Asteroid Collision,Stack simulation,Medium,extra,tier 3: extra depth,
84,Largest Rectangle in Histogram,Monotonic stack,Hard,NC150,tier 3: extra depth,https://www.youtube.com/watch?v=zx5Sw9130L0
227,Basic Calculator II,Stack with operator precedence,Medium,extra,tier 3: extra depth,
503,Next Greater Element II,Monotonic stack circular,Medium,extra,tier 3: extra depth,
162,Find Peak Element,Binary search on slope,Medium,extra,tier 3: extra depth,
1011,Capacity To Ship Packages Within D Days,Binary search on answer,Medium,extra,tier 3: extra depth,
4,Median of Two Sorted Arrays,Binary search partition,Hard,NC150,tier 3: extra depth,https://www.youtube.com/watch?v=q6IEA26hvXc
658,Find K Closest Elements,Binary search window,Medium,extra,tier 3: extra depth,
1539,Kth Missing Positive Number,Binary search on count,Easy,extra,tier 3: extra depth,
25,Reverse Nodes in k-Group,Linked list rewiring in groups,Hard,NC150,tier 3: extra depth,https://www.youtube.com/watch?v=1UOPsfP85V4
938,Range Sum of BST,BST pruning DFS,Easy,extra,tier 3: extra depth,
129,Sum Root to Leaf Numbers,Tree DFS with path state,Medium,extra,tier 3: extra depth,
437,Path Sum III,Tree DFS + prefix sum,Medium,extra,tier 3: extra depth,
863,All Nodes Distance K in Binary Tree,Tree to graph + BFS,Medium,extra,tier 3: extra depth,
987,Vertical Order Traversal of a Binary Tree,BFS/DFS + sort by coords,Hard,extra,tier 3: extra depth,
1268,Search Suggestions System,Trie / sort + binary search,Medium,extra,tier 3: extra depth,
355,Design Twitter,Heap merge design,Medium,NC150,tier 3: extra depth,https://www.youtube.com/watch?v=pNichitDD2E
692,Top K Frequent Words,Heap with tie-break,Medium,extra,tier 3: extra depth,
767,Reorganize String,Max-heap greedy,Medium,extra,tier 3: extra depth,
1094,Car Pooling,Sweep line / difference array,Medium,extra,tier 3: extra depth,
452,Minimum Number of Arrows to Burst Balloons,Intervals greedy,Medium,extra,tier 3: extra depth,
729,My Calendar I,Interval booking design,Medium,extra,tier 3: extra depth,
986,Interval List Intersections,Two pointers on intervals,Medium,extra,tier 3: extra depth,
1851,Minimum Interval to Include Each Query,Sort + heap,Hard,NC150,tier 3: extra depth,https://www.youtube.com/watch?v=5hQ5WWW5awQ
40,Combination Sum II,Backtracking with duplicates,Medium,NC150,tier 3: extra depth,https://www.youtube.com/watch?v=rSA3t6BDDwg
90,Subsets II,Backtracking with duplicates,Medium,NC150,tier 3: extra depth,https://www.youtube.com/watch?v=Vn2v6ajA7U0
131,Palindrome Partitioning,Backtracking partition,Medium,NC150,tier 3: extra depth,https://www.youtube.com/watch?v=3jvWodd7ht0
698,Partition to K Equal Sum Subsets,Backtracking with pruning,Medium,extra,tier 3: extra depth,
51,N-Queens,Backtracking with constraint sets,Hard,NC150,tier 3: extra depth,https://www.youtube.com/watch?v=Ph95IHmRp5M
286,Walls and Gates,Multi-source BFS,Medium,NC150,tier 3: extra depth,https://www.youtube.com/watch?v=e69C6xhiSQE
130,Surrounded Regions,Border DFS,Medium,NC150,tier 3: extra depth,https://www.youtube.com/watch?v=9z2BunfoZ5Y
542,01 Matrix,Multi-source BFS,Medium,extra,tier 3: extra depth,
752,Open the Lock,BFS on states,Medium,extra,tier 3: extra depth,
909,Snakes and Ladders,BFS on board,Medium,extra,tier 3: extra depth,
1091,Shortest Path in Binary Matrix,BFS shortest path (8-dir),Medium,extra,tier 3: extra depth,
399,Evaluate Division,Weighted graph DFS,Medium,extra,tier 3: extra depth,
721,Accounts Merge,Union-find + hash map,Medium,extra,tier 3: extra depth,
127,Word Ladder,BFS shortest transformation,Hard,NC150,tier 3: extra depth,https://www.youtube.com/watch?v=h9iTnkgv05E
1584,Min Cost to Connect All Points,MST (Prim),Medium,NC150,tier 3: extra depth,https://www.youtube.com/watch?v=f7JOBJIC-NA
787,Cheapest Flights Within K Stops,Bellman-Ford / BFS with k,Medium,NC150,tier 3: extra depth,https://www.youtube.com/watch?v=5eIK3zUdYmE
1631,Path With Minimum Effort,Dijkstra on grid,Medium,extra,tier 3: extra depth,
332,Reconstruct Itinerary,Eulerian path DFS,Hard,NC150,tier 3: extra depth,https://www.youtube.com/watch?v=ZyB_gQ8vqGA
778,Swim in Rising Water,Dijkstra / binary search + BFS,Hard,NC150,tier 3: extra depth,https://www.youtube.com/watch?v=amvrKlMLuGY
279,Perfect Squares,1D DP unbounded,Medium,extra,tier 3: extra depth,
134,Gas Station,Greedy running sum,Medium,NC150,tier 3: extra depth,https://www.youtube.com/watch?v=lJwbPZGo05A
846,Hand of Straights,Greedy + counts,Medium,NC150,tier 3: extra depth,https://www.youtube.com/watch?v=amnrMCVd2YI
1899,Merge Triplets to Form Target Triplet,Greedy filter,Medium,NC150,tier 3: extra depth,https://www.youtube.com/watch?v=kShkQLQZ9K4
678,Valid Parenthesis String,Greedy range of opens,Medium,NC150,tier 3: extra depth,https://www.youtube.com/watch?v=QhPdNS143Qg
97,Interleaving String,2D DP strings,Medium,NC150,tier 3: extra depth,https://www.youtube.com/watch?v=3Rw3p9LrgvE
309,Best Time to Buy and Sell Stock with Cooldown,State machine DP,Medium,NC150,tier 3: extra depth,https://www.youtube.com/watch?v=I7j0F7AHpb8
494,Target Sum,DP over sums,Medium,NC150,tier 3: extra depth,https://www.youtube.com/watch?v=g0npyaQtAQM
518,Coin Change II,Unbounded knapsack count,Medium,NC150,tier 3: extra depth,https://www.youtube.com/watch?v=Mjy4hd2xgrs
64,Minimum Path Sum,2D DP grid,Medium,extra,tier 3: extra depth,
221,Maximal Square,2D DP grid,Medium,extra,tier 3: extra depth,
329,Longest Increasing Path in a Matrix,DFS + memo on grid,Hard,NC150,tier 3: extra depth,https://www.youtube.com/watch?v=wCc_nd-GiEc
115,Distinct Subsequences,2D DP strings,Hard,NC150,tier 3: extra depth,https://www.youtube.com/watch?v=-RDzMJ33nx8
10,Regular Expression Matching,2D DP with wildcard,Hard,NC150,tier 3: extra depth,https://www.youtube.com/watch?v=HAA8mgxlov8
312,Burst Balloons,Interval DP,Hard,NC150,tier 3: extra depth,https://www.youtube.com/watch?v=VFskby7lUbw
50,"Pow(x, n)",Fast exponentiation,Medium,NC150,tier 3: extra depth,https://www.youtube.com/watch?v=g9YQyYi4IQQ
66,Plus One,Digit carry,Easy,NC150,tier 3: extra depth,https://www.youtube.com/watch?v=jIaA8boiG1s
43,Multiply Strings,Digit arithmetic,Medium,NC150,tier 3: extra depth,https://www.youtube.com/watch?v=1vZswirL8Y8
2013,Detect Squares,Hash map counting design,Medium,NC150,tier 3: extra depth,https://www.youtube.com/watch?v=bahebearrDc
